Public,Install Group,Account,Autotask Account,Printer Name,Model ,Driver,Driver Path,IP,Vendor,Tag Number,Serial Number,MAC Address,Admin username ,Admin password ,Notes,City,State,BW or Color
0,None,Mount Prospect Academy,Mount Prospect Academy,"Campton, Rita's Office ",Kyocera FS-6525 ,USB,USB,10.10.2.27 ,AllAccess,na,,,Admin (case sensitive) ,Admin ,,Campton,NH,
0,None,MVTC,Mountain Valley Treatment Center,Carl's Office ,Xerox Phaser 3600 ,Xerox Global Print Driver PCL6,C:\Push\Xerox\X-GPD_5.404.8.0_PCL6_x64_Driver.inf\x2UNIVX.inf,10.10.10.145 ,AllAccess,na,,,,,,Pike,NH,
0,None,VPI North,Vermont Permanency Initiative North,CRA (Cate's Office) ,HP Color LaserJet MFP M277dw ,USB,USB,10.10.51.83 ,AllAccess,na,,,,,,Bradford,VT,
0,None,MVTC,Mountain Valley Treatment Center,Don's Printer ,Xerox Phaser 3260/DNI ,Xerox Global Print Driver PCL6,C:\Push\Xerox\X-GPD_5.404.8.0_PCL6_x64_Driver.inf\x2UNIVX.inf,10.10.10.230 ,AllAccess,na,,,,,,Pike,NH,
0,None,Becket MA,Becket Family of Services- Fitchburg,Fitchburg Clinical office ,HP Office Jet 6600 ,USB,USB,10.10.15.76 ,AllAccess,na,,,,,,Fitchburg,MA,
0,None,Becket MA,Becket Family of Services- Fitchburg,Fitchburg Eric's Office  ,HP LaserJet 200 color MFP M276 ,USB,USB,10.10.15.100 ,AllAccess,na,,,,,,Fitchburg,MA,
0,None,Becket MA,Becket Family of Services- Fitchburg,Fitchburg Nathan's office ,Toshiba estudio 287 CSL ,TOSHIBA Universal Printer 2,C:\Push\Toshiba\64bit\eSf6u.inf,10.10.15.128 ,Office Systems of VT,unknown,,,,,,Fitchburg,MA,
0,None,Mount Prospect Academy,Mount Prospect Academy,Maria's Office ,Xerox Workcentre 6605DN ,Xerox Global Print Driver PCL6,C:\Push\Xerox\X-GPD_5.404.8.0_PCL6_x64_Driver.inf\x2UNIVX.inf,10.10.2.25 ,AllAccess,na,,,,,,Campton,NH,
0,None,Mount Prospect Academy,Mount Prospect Academy,MPA Barry's Office ,HP OfficeJet Pro 8500 A909a ,USB,USB,10.10.2.48 ,AllAccess,na,,,,,,Plymouth,NH,
0,None,VPI North,Vermont Permanency Initiative North,Red School Building ,HP Color LaserJet M252dw ,USB,USB,10.10.12.87 ,AllAccess,na,,,,,,Pike,NH,
0,VPI North,VPI North,Vermont Permanency Initiative North,CRA (Kaylee's office) ,HP LaserJet Pro 200 ,USB,USB,10.10.50.11 ,AllAccess,na,,,,,,Bradford,VT,
1,Becket MA,Becket MA,Becket House at Agawam,Agawam ,Xerox Workcentre 6605DN ,Xerox Global Print Driver PCL6,C:\Push\Xerox\X-GPD_5.404.8.0_PCL6_x64_Driver.inf\x2UNIVX.inf,192.168.20.21 ,AllAccess,na,XL3605284 ,,,,,Agawam,MA,
1,Becket MA,Becket MA,Becket House at Attleboro,Attleboro ,Xerox Workcentre 6605DN ,Xerox Global Print Driver PCL6,C:\Push\Xerox\X-GPD_5.404.8.0_PCL6_x64_Driver.inf\x2UNIVX.inf,10.10.16.20 ,AllAccess,na,,,,,,Attleboro,MA,
1,Becket MA,Becket MA,Becket House at Bourne,Bourne ,Xerox Workcentre 6605DN ,Xerox Global Print Driver PCL6,C:\Push\Xerox\X-GPD_5.404.8.0_PCL6_x64_Driver.inf\x2UNIVX.inf,192.168.33.200 ,AllAccess,na,XL3586034 ,,,,,Bourne,MA,
1,Becket MA,Becket MA,Becket House at Clearview,Clearview ,Xerox WorkCentre 6015/NI  ,Xerox Global Print Driver PCL6,C:\Push\Xerox\X-GPD_5.404.8.0_PCL6_x64_Driver.inf\x2UNIVX.inf,192.168.141.5 ,AllAccess,na,,,,,,Fitchburg,MA,
1,Becket MA,Becket MA,Becket Family of Services- Fitchburg,Fitchburg (Busin. Office) ,Kyocera TasKalfa 5500i ,Xerox Global Print Driver PCL6,C:\Push\Xerox\X-GPD_5.404.8.0_PCL6_x64_Driver.inf\x2UNIVX.inf,10.10.15.103 ,SymQuest ,unknown,,,,,,Fitchburg,MA,
1,Becket MA,Becket MA,Becket House at Fitchburg,Fitchburg House ,Xerox WorkCentre 6015NI,Xerox WorkCentre 6015NI,C:\Push\Xerox\WorkCentre_6015N-NI_Win7_Vista_XP_x64\xrhk2a64.inf,10.10.112.102 ,AllAccess,na,,,,,,Fitchburg,MA,
1,Becket MA,Becket MA,Becket House at Lakeville,Lakeville ,Xerox Workcentre 6605DN ,Xerox Global Print Driver PCL6,C:\Push\Xerox\X-GPD_5.404.8.0_PCL6_x64_Driver.inf\x2UNIVX.inf,192.168.35.110 ,AllAccess,na,,,,,,Lakeville,MA,
1,Becket MA,Becket MA,Becket House at Leicester,Leicester ,Xerox Workcentre 6605DN ,Xerox Global Print Driver PCL6,C:\Push\Xerox\X-GPD_5.404.8.0_PCL6_x64_Driver.inf\x2UNIVX.inf,192.168.28.90 ,AllAccess,na,,,,,,Leicester,MA,
1,Becket MA,Becket MA,Becket House at Leominster,Leominster ,Xerox Workcentre 6605DN ,Xerox Global Print Driver PCL6,C:\Push\Xerox\X-GPD_5.404.8.0_PCL6_x64_Driver.inf\x2UNIVX.inf,192.168.25.90 ,AllAccess,na,,,,,,Leominster,MA,
1,Becket MA,Becket MA,Becket House at New,New Bedford ,Xerox Workcentre 6605DN ,Xerox Global Print Driver PCL6,C:\Push\Xerox\X-GPD_5.404.8.0_PCL6_x64_Driver.inf\x2UNIVX.inf,192.168.64.100 ,AllAccess,na,,,,,,New Bedford,MA,
1,Becket MA,Becket MA,Becket House at Southwick,Southwick ,Xerox Workcentre 6605DN ,Xerox Global Print Driver PCL6,C:\Push\Xerox\X-GPD_5.404.8.0_PCL6_x64_Driver.inf\x2UNIVX.inf,192.168.21.2 ,AllAccess,na,,,,,,Southwick,MA,
1,Becket MA,Becket MA,Becket House at Westfield,Westfield ,Xerox Workcentre 6605DN ,Xerox Global Print Driver PCL6,C:\Push\Xerox\X-GPD_5.404.8.0_PCL6_x64_Driver.inf\x2UNIVX.inf,192.168.37.90 ,AllAccess,na,XL3578708 ,,,,,Westfield,MA,
1,Becket MA,Becket MA,Becket House at Westminster,Westminster ,HP Color LaserJet MFP M476 DN ,HP Universal Printing PCL 6,C:\Push\HP\UniversalDriver_PCL6\hpbuio200l.inf,10.10.114.40 ,AllAccess,na,,,,,,Westminster,MA,
1,Becket MA,Becket MA,Becket House at Wilbraham,Wilbraham ,Toshiba ,TOSHIBA Universal Printer 2,C:\Push\Toshiba\64bit\eSf6u.inf,192.168.22.50 ,Office Systems of VT,unknown,TJFF12876 ,,Admin ,123456 ,,Wilbraham,MA,
1,Becket MA,Becket MA,Becket House at Winchendon,Winchendon ,HP LaserJet Pro MFP M476 ,HP Universal Printing PCL 6,C:\Push\HP\UniversalDriver_PCL6\hpbuio200l.inf,192.168.15.111 ,AllAccess,na,,,,,,Winchendon,MA,
1,Becket ME,Becket ME,Androscoggin Learning and Treatment Center,ALTC (Admin. Office) ,Xerox Phaser 6600dn ,Xerox Global Print Driver PCL6,C:\Push\Xerox\X-GPD_5.404.8.0_PCL6_x64_Driver.inf\x2UNIVX.inf,192.168.34.31 ,AllAccess,na,XRX9C934E0431D2  ,9c:93:4e:04:31:d2 ,admin ,1111 ,,Androscoggin,ME,
1,Becket ME,Becket ME,Androscoggin Learning and Treatment Center,ALTC (Conference Room) ,Xerox WorkCentre 7845 ,Xerox Global Print Driver PCL6,C:\Push\Xerox\X-GPD_5.404.8.0_PCL6_x64_Driver.inf\x2UNIVX.inf,192.168.34.44 ,AllAccess,na,XRX9C934E2F9F18 ,9c:93:4e:85:dc:cf ,admin ,1111 ,,Androscoggin,ME,
1,Becket ME,Becket ME,Androscoggin Learning and Treatment Center,ALTC (Main Office) ,Xerox WorkCentre 5855 ,Xerox Global Print Driver PCL6,C:\Push\Xerox\X-GPD_5.404.8.0_PCL6_x64_Driver.inf\x2UNIVX.inf,192.168.34.40 ,AllAccess,na,XRX9C934E4d4C81 ,9c:93:4e:73:08:ec ,admin ,1111 ,,Androscoggin,ME,
1,Becket ME,Becket ME,Becket House at Auburn,Auburn ,Xerox WorkCentre 5225 ,Xerox Global Print Driver PCL6,C:\Push\Xerox\X-GPD_5.404.8.0_PCL6_x64_Driver.inf\x2UNIVX.inf,10.5.3.90 ,AllAccess,na,,,,,,Auburn,ME,
1,Becket ME,Becket ME,Becket BHB/CMLC,Belgrade,Xerox WorkCentre 7845 ,Xerox Global Print Driver PCL6,C:\Push\Xerox\X-GPD_5.404.8.0_PCL6_x64_Driver.inf\x2UNIVX.inf,192.168.11.220 ,AllAccess,na,,9c:93:4e:85:dc:f5 ,admin ,1111 ,,Belgrade,ME,
1,Becket ME,Becket ME,Becket House at Lewiston,Becket Lewiston ,Xerox Workcentre 3655X ,Xerox Global Print Driver PCL6,C:\Push\Xerox\X-GPD_5.404.8.0_PCL6_x64_Driver.inf\x2UNIVX.inf,10.10.109.126 ,Transco,na,,,,,,Lewiston,ME,
1,Becket ME,Becket ME,Becket BHB/CMLC,CMLC Activities Building WorkCentre5845 ,Xerox WorkCentre5845 ,Xerox Global Print Driver PCL6,C:\Push\Xerox\X-GPD_5.404.8.0_PCL6_x64_Driver.inf\x2UNIVX.inf,192.168.12.167 ,AllAccess,na,,9c:93:4e:72:b1:05 ,admin ,1111 ,,Belgrade,ME,
1,Becket ME,Becket ME,Becket BHB/CMLC,CMLC Activities Building  Workcentre5955  ,Xerox Workcentre 5955  ,Xerox Global Print Driver PCL6,C:\Push\Xerox\X-GPD_5.404.8.0_PCL6_x64_Driver.inf\x2UNIVX.inf,192.168.11.143 ,AllAccess,na,,9c:93:4e:73:08:ec ,admin ,1111 ,,Belgrade,ME,
1,Becket ME,Becket ME,Becket House at Gorham,Gorham ,Xerox 5335 ,Xerox Global Print Driver PCL6,C:\Push\Xerox\X-GPD_5.404.8.0_PCL6_x64_Driver.inf\x2UNIVX.inf,10.5.2.90 ,AllAccess,na,,,,,,Gorham,ME,
1,Becket ME,Becket ME,Becket House at Litchfield,Litchfield ,Xerox Workcentre 5225 ,Xerox Global Print Driver PCL6,C:\Push\Xerox\X-GPD_5.404.8.0_PCL6_x64_Driver.inf\x2UNIVX.inf,10.5.4.10 ,AllAccess,na,,,,,,Gorham,ME,
1,Becket NH,Becket NH,Becket House of Bethlehem,Bethlehem Admin Office ,Kyocera FS-6525MFP KX ,Kyocera Classic Universaldriver PCL6,KyoceraDriverPath=C:\Push\Kyocera\xxx1i_xxx1ci_PCL_Uni\oemsetup.inf,192.168.125.200 ,SymQuest ,unknown,,,,,,Bethlehem,NH,
1,Becket NH,Becket NH,Becket House at Bethlehem,Bethlehem Carriage House ,Xerox WorkCentre 6015N ,Xerox Global Print Driver PCL6,C:\Push\Xerox\X-GPD_5.404.8.0_PCL6_x64_Driver.inf\x2UNIVX.inf,192.168.125.90 ,AllAccess,na,,,,,,Bethlehem,NH,
1,Becket NH,Becket NH,Becket House at Doe Drive,Doe Drive,Xerox WorkCentre 6605DN ,Xerox Global Print Driver PCL6,C:\Push\Xerox\X-GPD_5.404.8.0_PCL6_x64_Driver.inf\x2UNIVX.inf,192.168.124.22 ,AllAccess,na,,,,,,Madison,NH,
1,Becket NH,Becket NH,Becket House at Stag Drive,Stag Dr Xerox,Xerox WorkCentre 6605DN ,Xerox Global Print Driver PCL6,C:\Push\Xerox\X-GPD_5.404.8.0_PCL6_x64_Driver.inf\x2UNIVX.inf,10.1.7.90 ,AllAccess,na,,,,,,Madison,NH,
1,Becket NH,Becket NH,Becket House at Stag Drive,Stag Dr Kyocera,Kyocera FS 6525 ,Kyocera Classic Universaldriver PCL6,KyoceraDriverPath=C:\Push\Kyocera\xxx1i_xxx1ci_PCL_Uni\oemsetup.inf,10.1.7.123,SymQuest ,unknown,,,,,,Madison,NH,
1,MPA Community ,MPA Community ,Mount Prospect Academy,Beverly ,Xerox WorkCentre 3655 ,Xerox Global Print Driver PCL6,C:\Push\Xerox\X-GPD_5.404.8.0_PCL6_x64_Driver.inf\x2UNIVX.inf,10.10.7.90 ,AllAccess,na,,,,,,Beverly,MA,
1,MPA Community ,MPA Community ,Mount Prospect Academy,Manchester ,Kyocera TASKalfa 3050 ci KX ,Kyocera TASKalfa 3051ci,KyoceraDriverPath=C:\Push\Kyocera\xxx1i_xxx1ci_PCL_Uni\oemsetup.inf,10.10.5.6 ,SymQuest ,207062,,,,,,Manchester,NH,
1,MPA Community ,MPA Community ,Mount Prospect Academy,North Andover ,Xerox Phaser 3635mfp ,Xerox Global Print Driver PCL6,C:\Push\Xerox\X-GPD_5.404.8.0_PCL6_x64_Driver.inf\x2UNIVX.inf,10.10.8.90 ,AllAccess,na,,,,,,North Andover,MA,
1,MPA Community ,MPA Community ,Mount Prospect Academy,Rochester ,Xerox WorkCentre 3325 ,Xerox Global Print Driver PCL6,C:\Push\Xerox\X-GPD_5.404.8.0_PCL6_x64_Driver.inf\x2UNIVX.inf,10.10.18.50 ,AllAccess,na,,,Admin ,1111 ,,Rochester,NH,
1,MPA Plymouth,Mount Prospect Academy,Mount Prospect Academy,Campton ,Kyocera TaskAlfa 3501i ,Kyocera TASKalfa 3501i,C:\Push\Kyocera\xxx1i_xxx1ci_PCL_Uni\oemsetup.inf,10.10.2.36 ,AllAccess,na,,,Admin (case sensitive) ,Admin ,,Campton,NH,
1,MPA Plymouth,Mount Prospect Academy,Mount Prospect Academy,Depot St ,Xerox Workcentre 3220 ,Xerox Global Print Driver PCL6,C:\Push\Xerox\X-GPD_5.404.8.0_PCL6_x64_Driver.inf\x2UNIVX.inf,10.10.24.130 ,AllAccess,na,,,Admin (case sensitive) ,Admin ,,Campton,NH,
1,MPA Plymouth,Mount Prospect Academy,Mount Prospect Academy,Plymouth admin ,Kyocera TASKalfa 5551ci ,Kyocera TASKalfa 5551ci,KyoceraDriverPath=C:\Push\Kyocera\xxx1i_xxx1ci_PCL_Uni\oemsetup.inf,10.10.1.210 ,,unknown,,,Admin (case sensitive) ,Admin ,,Plymouth,NH,
1,MPA Plymouth,Mount Prospect Academy,Mount Prospect Academy,Plymouth Res ,Kyocera TASKalfa4501i ,Kyocera TASKalfa 4501i,KyoceraDriverPath=C:\Push\Kyocera\xxx1i_xxx1ci_PCL_Uni\oemsetup.inf,10.10.1.190 ,,unknown,,,Admin (case sensitive) ,Admin ,,Plymouth,NH,
1,MVTC,MVTC,Mountain Valley Treatment Center,MVTC Clinical ,Konica Minolta BizHub 4750 ,KONICA MINOLTA 4750 Series PCL6,C:\Push\KonicaMinolta\bizhub4750Series_Win10_PCL_PS_XPS_FAX_v3.1.0.0\Drivers\Win_x64\KOBK1J__.inf,10.10.10.118 ,SymQuest ,133151,,,,,,Pike,NH,
1,MVTC,MVTC,Mountain Valley Treatment Center,MVTC Creamery (Carol's Office)  ,Konica Minolta BizHub C3110 ,KONICA MINOLTA C3110 PCL6,C:\Push\KonicaMinolta\C3110\bizhubC3110_Win10_PCL_PS_XPS_FAX_v1.2.1.0\bizhubC3110_Win10_PCL_PS_XPS_FAX_v1.2.1.0\Drivers\Win_x64\KOBK4J__.inf,10.10.10.200 ,SymQuest ,133300,,,,,,Pike,NH,
1,MVTC,MVTC,Mountain Valley Treatment Center,MVTC Cannon Copier ,iR-ADV C 2020/2030 UFRII ,Canon iR-ADV C2020/2030 UFR II,C:\Push\Canon_UFR\Driver\CNLBOUS64.inf,10.10.10.250 ,AllAccess,na,,,,,,Pike,NH,
1,MVTC,MVTC,Mountain Valley Treatment Center,MVTC Residential ,Konica Minolta bizhub C3850FS ,KONICA MINOLTA C3850 Series PCL6,C:\Push\KonicaMinolta\BizhubC3850fs_MFP_Win_x64\PCL\english\KOBJ_J__.inf,10.10.10.64  ,SymQuest ,unknown,,,,,,Pike,NH,
1,Orford,Becket Orford,Becket Family of Services,HP LaserJet P3015 ,HP Universal Printing PCL 5 ,HP Universal Printing PCL 6,C:\Push\HP\UniversalDriver_PCL6\hpbuio200l.inf,192.168.123.104 ,AllAccess,na,,,,,For Check Factory ,Orford,NH,
1,Orford,Becket Orford,Becket Family of Services,Orford Downstairs ,Kyocera TASKalfa 5551 ci KX ,Kyocera TASKalfa 5551ci,KyoceraDriverPath=C:\Push\Kyocera\xxx1i_xxx1ci_PCL_Uni\oemsetup.inf,192.168.123.100 ,SymQuest ,207439,,,,,,Orford,NH,
1,Orford,Becket Orford,Becket Family of Services,Orford Upstairs ,Toshiba EStudio 4508a ,TOSHIBA Universal Printer 2,C:\Push\Toshiba\64bit\eSf6u.inf,192.168.123.135 ,Office Systems of VT,4434,CGIF39738,,,,,Orford,NH,BW
1,Rumney,Becket House at Rumney,Becket House at Rumney,Rumney ,Kyocera TaskAlpha 3501i ,Kyocera TASKalfa 3501i,C:\Push\Kyocera\xxx1i_xxx1ci_PCL_Uni\oemsetup.inf,10.10.3.12 ,AllAccess,na,,,,,,Rumney,NH,
1,VPI North,VPI North,Connecticut River Academy,CRA Upstairs ,Kyocera TASKalfa 3501i ,Kyocera TASKalfa 3501i,KyoceraDriverPath=C:\Push\Kyocera\xxx1i_xxx1ci_PCL_Uni\oemsetup.inf,10.10.50.10 ,SymQuest ,unknown,,,Admin (case sensitive) ,Admin ,,Bradford,VT,
1,VPI North,VPI North,East Haverhil Academy,Hall Farm ,Xerox WorkCentre 3550 PCL6 ,Xerox Global Print Driver PCL6,C:\Push\Xerox\X-GPD_5.404.8.0_PCL6_x64_Driver.inf\x2UNIVX.inf,10.10.12.32 ,AllAccess,na,,,,,,Pike,NH,
1,VPI North,VPI North,Vermont Permanency Initiative North,Newbury House ,Kyocera TaskAlpha 3501i ,Kyocera TASKalfa 3501i,KyoceraDriverPath=C:\Push\Kyocera\xxx1i_xxx1ci_PCL_Uni\oemsetup.inf,10.0.0.200 ,SymQuest ,207776,,,,,,Newbury,VT,
1,Becket NH,Becket NH,Becket House at Bethlehem,Bethlehem Main House ,TOSHIBA Universal Printer 2,TOSHIBA Universal Printer 2,C:\Push\Toshiba\64bit\eSf6u.inf,192.168.125.105 ,Office Systems of VT,,TJFF12913,00:80:91:B2:3B:39,,,,Bethlehem,NH,
